,W,RunDiff,ERA,HR
W,1.000000,0.939502,-0.655431,0.392000
RunDiff,0.939502,1.000000,-0.669011,0.408016
ERA,-0.655431,-0.669011,1.000000,0.113466
HR,0.392000,0.408016,0.113466,1.000000
