RunDiff,yhat,mean_ci_low,mean_ci_high,pred_ci_low,pred_ci_high
-150,65.69259170513637,65.03659243986054,66.34859097041219,57.69199957193141,73.69318383834133
-50,76.06426978589397,75.60438985620297,76.52414971558497,68.07736619341264,84.0511733783753
0,81.13470516308503,80.68152698120608,81.58788334496398,73.14818464972068,89.12122567644938
50,86.12820476481761,85.69016245258264,86.56624707705258,78.14252880638011,94.11388072325511
150,95.88439664190729,95.17085401110664,96.59793927270793,87.8788808851413,103.88991239867327
250,105.33284541716303,103.63350365068385,107.03218718364221,97.1801218302162,113.48556900410986
