Modelo,Split,MSE,RMSE,MAE,N
Best: W ~ RunDiff + ERA + HR,Train (2000–2016),15.980332,3.997541,3.205330,510
Best: W ~ RunDiff + ERA + HR,Test (2017–2019),15.721325,3.965013,3.027468,90
RunDiff (lineal),Train (2000–2016),16.419602,4.052111,3.251917,510
RunDiff (lineal),Test (2017–2019),15.570596,3.945959,2.977856,90
ERA (lineal),Train (2000–2016),78.792363,8.876506,7.176658,510
ERA (lineal),Test (2017–2019),83.491520,9.137369,7.209467,90
HR (lineal),Train (2000–2016),109.491126,10.463801,8.630158,510
HR (lineal),Test (2017–2019),165.823211,12.877236,10.449960,90
