RunDiff,ERA,HR,yhat,mean_ci_low,mean_ci_high,pred_ci_low,pred_ci_high
-150,5.0,140,65.10821669297593,64.39026238948644,65.82617099646542,57.19079409724021,73.02563928871164
-50,4.3,170,76.26425301823694,75.8312851331032,76.69722090337069,68.367571223513,84.16093481296089
0,4.0,200,82.0246600403902,81.30908816206983,82.74023191871058,74.10745312818875,89.94186695259165
50,3.8,210,87.21398951795877,86.40997690087887,88.01800213503866,79.28829973939746,95.13967929652007
150,3.5,230,97.39591303396324,96.40600782528341,98.38581824264307,89.44921343603336,105.34261263189312
250,3.2,250,107.57783654996771,106.33322726412835,108.82244583580707,99.59540744273694,115.56026565719849
