variable,VIF
const,116.649873
RunDiff,3.172741
ERA,2.679042
HR,1.775557
